Metric,Score,Std Dev
Precision,0.4923639631291113,0.08640709616370373
Recall,0.9217687074829932,0.09152125202090959
F1,0.6326947637292465,0.0670581686218181
