Metric,Score,Std Dev
Precision,0.4936592538723882,0.04618247197118614
Recall,0.9793015188848523,0.015772096802028086
F1,0.6552511521376934,0.04161398265106202
